time,rr_interval,lf,hf,lf_hf_ratio,hr,mean_hr,max_hr,min_hr,rmssd,sdnn,breath_rate
1,886,-1,-1,-1,-1,-1,-1,-1,-1,-1,-1
1,775,-1,-1,-1,-1,-1,-1,-1,-1,-1,-1
3,828,-1,-1,-1,74.94156147732585,-1,-1,-1,-1,-1,-1
4,934,-1,-1,-1,68.35179840486609,-1,-1,-1,-1,-1,-1
4,1001,-1,-1,-1,62.08994431692504,-1,-1,-1,-1,-1,-1
6,916,-1,-1,-1,62.721121673086735,-1,-1,-1,-1,-1,-1
7,961,-1,-1,-1,63.96857349285905,-1,-1,-1,-1,-1,-1
8,965,-1,-1,-1,62.30556469135669,-1,-1,-1,-1,-1,-1
8,903,-1,-1,-1,64.31067426368065,-1,-1,-1,-1,-1,-1
9,941,-1,-1,-1,65.10356904544187,-1,-1,-1,-1,-1,-1
10,927,-1,-1,-1,64.24343723024118,-1,-1,-1,-1,-1,-1
11,944,-1,-1,-1,64.14212056387471,-1,-1,-1,-1,-1,-1
11,986,-1,-1,-1,62.20562450579297,-1,-1,-1,-1,-1,-1
13,1020,-1,-1,-1,59.83772819472617,-1,-1,-1,-1,-1,-1
13,869,-1,-1,-1,63.93420429161307,-1,-1,-1,-1,-1,-1
15,897,-1,-1,-1,67.96725563924244,-1,-1,-1,-1,-1,-1
16,940,-1,-1,-1,65.359709670533,-1,-1,-1,-1,-1,-1
17,875,-1,-1,-1,66.20060790273556,-1,-1,-1,-1,-1,-1
17,1031,-1,-1,-1,63.383677428294305,-1,-1,-1,-1,-1,-1
18,1136,-1,-1,-1,55.50641384680537,-1,-1,-1,-1,-1,-1
19,949,-1,-1,-1,58.020674097270664,-1,-1,-1,-1,-1,-1
21,1024,-1,-1,-1,60.90909839304531,-1,-1,-1,-1,-1,-1
22,1065,-1,-1,-1,57.46588908450704,-1,-1,-1,-1,-1,-1
23,993,-1,-1,-1,58.38049444704481,-1,-1,-1,-1,-1,-1
24,1041,-1,-1,-1,59.02992416657234,-1,-1,-1,-1,-1,-1
25,884,-1,-1,-1,62.75509538774499,-1,-1,-1,-1,-1,-1
26,917,-1,-1,-1,66.65202781053702,-1,-1,-1,-1,-1,-1
27,983,-1,-1,-1,63.234196165788966,-1,-1,-1,-1,-1,-1
28,897,-1,-1,-1,63.96363599247407,-1,-1,-1,-1,-1,-1
28,898,-1,-1,-1,66.85238843658522,-1,-1,-1,-1,-1,-1
29,878,-1,-1,-1,67.57613730334685,-1,-1,-1,-1,-1,-1
30,816,-1,-1,-1,70.93327080262628,-1,-1,-1,-1,-1,-1
31,904,-1,-1,-1,69.95054659031754,-1,-1,-1,-1,-1,-1
32,898,-1,-1,-1,66.5934130910381,-1,-1,-1,-1,-1,-1
33,807,-1,-1,-1,70.58229357266458,-1,-1,-1,-1,-1,-1
33,774,-1,-1,-1,75.9344111120717,-1,-1,-1,-1,-1,-1
34,785,-1,-1,-1,76.97625043203476,-1,-1,-1,-1,-1,-1
35,841,-1,-1,-1,73.88837977233655,-1,-1,-1,-1,-1,-1
36,816,-1,-1,-1,72.43652514513533,-1,-1,-1,-1,-1,-1
37,856,-1,-1,-1,71.81143485431556,-1,-1,-1,-1,-1,-1
37,752,-1,-1,-1,74.94034599323922,-1,-1,-1,-1,-1,-1
38,739,-1,-1,-1,80.48901620936861,-1,-1,-1,-1,-1,-1
39,831,-1,-1,-1,76.696482220583,-1,-1,-1,-1,-1,-1
40,825,-1,-1,-1,72.46471939612735,-1,-1,-1,-1,-1,-1
41,892,-1,-1,-1,69.99592335915206,-1,-1,-1,-1,-1,-1
42,930,-1,-1,-1,65.89035151164472,-1,-1,-1,-1,-1,-1
42,839,-1,-1,-1,68.0149179130301,-1,-1,-1,-1,-1,-1
43,749,-1,-1,-1,75.81025793628692,-1,-1,-1,-1,-1,-1
44,723,-1,-1,-1,81.5471804729958,-1,-1,-1,-1,-1,-1
45,736,-1,-1,-1,82.25464549882736,-1,-1,-1,-1,-1,-1
45,762,-1,-1,-1,80.13094830537487,-1,-1,-1,-1,-1,-1
46,759,-1,-1,-1,78.89577043976223,-1,-1,-1,-1,-1,-1
47,719,-1,-1,-1,81.2503092239441,-1,-1,-1,-1,-1,-1
48,751,-1,-1,-1,81.67135520742858,-1,-1,-1,-1,-1,-1
48,767,-1,-1,-1,79.06016662702663,-1,-1,-1,-1,-1,-1
49,779,-1,-1,-1,77.62434036884115,-1,-1,-1,-1,-1,-1
50,727,-1,-1,-1,79.77638597786108,-1,-1,-1,-1,-1,-1
51,700,-1,-1,-1,84.12261741010022,-1,-1,-1,-1,-1,-1
51,705,-1,-1,-1,85.41033434650456,-1,-1,-1,-1,-1,-1
52,769,-1,-1,-1,81.56489500041502,-1,-1,-1,-1,-1,-1
53,806,-1,-1,-1,76.2325471835099,-1,-1,-1,-1,-1,-1
54,811,-1,-1,-1,74.21221235309775,-1,-1,-1,-1,-1,-1
55,932,-1,-1,-1,69.18020988235793,-1,-1,-1,-1,-1,-1
56,993,-1,-1,-1,62.400321564254504,-1,-1,-1,-1,-1,-1
57,980,-1,-1,-1,60.82372526049694,-1,-1,-1,-1,-1,-1
58,851,-1,-1,-1,65.86488884625531,-1,-1,-1,-1,-1,-1
58,830,-1,-1,-1,71.39722226154913,-1,-1,-1,-1,-1,-1
59,814,-1,-1,-1,72.99961516828986,-1,-1,-1,-1,-1,-1
60,854,-1,-1,-1,71.98384247564576,-1,-1,-1,-1,-1,-1
61,761,-1,-1,-1,74.55061902402545,-1,-1,-1,-1,-1,-1
62,794,-1,-1,-1,77.20518871827801,-1,-1,-1,-1,-1,-1
63,835,-1,-1,-1,73.71151902743631,-1,-1,-1,-1,-1,-1
64,917,-1,-1,-1,68.64351993940146,-1,-1,-1,-1,-1,-1
65,923,-1,-1,-1,65.2180847858732,-1,-1,-1,-1,-1,-1
65,1003,-1,-1,-1,62.41297775146932,-1,-1,-1,-1,-1,-1
66,867,-1,-1,-1,64.5123453169902,-1,-1,-1,-1,-1,-1
67,860,-1,-1,-1,69.48579705480003,-1,-1,-1,-1,-1,-1
67,864,-1,-1,-1,69.60594315245478,-1,-1,-1,-1,-1,-1
68,868,-1,-1,-1,69.28443420378903,-1,-1,-1,-1,-1,-1
69,818,-1,-1,-1,71.2370286074837,-1,-1,-1,-1,-1,-1
70,857,-1,-1,-1,71.68065093163449,-1,-1,-1,-1,-1,-1
71,832,-1,-1,-1,71.06352661340992,-1,-1,-1,-1,-1,-1
72,762,-1,-1,-1,75.42777104784979,-1,-1,-1,-1,-1,-1
73,804,-1,-1,-1,76.68351157597837,-1,-1,-1,-1,-1,-1
74,871,-1,-1,-1,71.75660160734787,-1,-1,-1,-1,-1,-1
76,951,-1,-1,-1,65.98891009644811,-1,-1,-1,-1,-1,-1
75,827,-1,-1,-1,67.82143660908075,-1,-1,-1,-1,-1,-1
76,762,-1,-1,-1,75.64577402431709,-1,-1,-1,-1,-1,-1
77,819,-1,-1,-1,76.00011537019411,-1,-1,-1,-1,-1,-1
78,851,-1,-1,-1,71.88268057833275,-1,-1,-1,-1,-1,-1
79,792,-1,-1,-1,73.131431827084,-1,-1,-1,-1,-1,-1
80,828,-1,-1,-1,74.11067193675889,-1,-1,-1,-1,-1,-1
81,890,-1,-1,-1,69.93974922651034,-1,-1,-1,-1,-1,-1
81,959,-1,-1,-1,64.9904511956509,-1,-1,-1,-1,-1,-1
82,847,-1,-1,-1,66.70171235532881,-1,-1,-1,-1,-1,-1
83,799,-1,-1,-1,72.9660599953011,-1,-1,-1,-1,-1,-1
84,795,-1,-1,-1,75.28278272368763,-1,-1,-1,-1,-1,-1
85,866,-1,-1,-1,72.37788138916729,-1,-1,-1,-1,-1,-1
85,889,-1,-1,-1,68.38781410984134,-1,-1,-1,-1,-1,-1
86,770,-1,-1,-1,72.7068207383168,-1,-1,-1,-1,-1,-1
87,782,-1,-1,-1,77.32421031653769,-1,-1,-1,-1,-1,-1
88,803,-1,-1,-1,75.72307172909773,-1,-1,-1,-1,-1,-1
89,811,-1,-1,-1,74.35126905424019,-1,-1,-1,-1,-1,-1
90,795,-1,-1,-1,74.72721773724496,-1,-1,-1,-1,-1,-1
91,855,-1,-1,-1,72.82356835484939,-1,-1,-1,-1,-1,-1
92,928,-1,-1,-1,67.41530550514217,-1,-1,-1,-1,-1,-1
93,915,-1,-1,-1,65.1144714527982,-1,-1,-1,-1,-1,-1
94,1011,-1,-1,-1,62.46047575035267,-1,-1,-1,-1,-1,-1
94,1035,-1,-1,-1,58.659097750827854,-1,-1,-1,-1,-1,-1
95,948,-1,-1,-1,60.63107686662998,-1,-1,-1,-1,-1,-1
96,807,-1,-1,-1,68.82029080984424,-1,-1,-1,-1,-1,-1
97,805,-1,-1,-1,74.4418019349327,-1,-1,-1,-1,-1,-1
98,770,-1,-1,-1,76.22811970638057,-1,-1,-1,-1,-1,-1
99,725,-1,-1,-1,80.34034930586654,-1,-1,-1,-1,-1,-1
100,773,-1,-1,-1,80.18914216888967,-1,-1,-1,-1,-1,-1
101,962,-1,-1,-1,69.99486300909328,-1,-1,-1,-1,-1,-1
102,926,-1,-1,-1,63.582439392374596,-1,-1,-1,-1,-1,-1
103,1032,-1,-1,-1,61.467175649203874,-1,-1,-1,-1,-1,-1
103,1082,-1,-1,-1,56.796199974207966,-1,-1,-1,-1,-1,-1
104,1048,-1,-1,-1,56.35238673082079,-1,-1,-1,-1,-1,-1
105,946,-1,-1,-1,60.33842777141197,-1,-1,-1,-1,-1,-1
106,878,-1,-1,-1,65.88103849321203,-1,-1,-1,-1,-1,-1
107,904,-1,-1,-1,67.35440562823794,-1,-1,-1,-1,-1,-1
108,928,-1,-1,-1,65.51342691486116,-1,-1,-1,-1,-1,-1
109,849,-1,-1,-1,67.66327525283296,-1,-1,-1,-1,-1,-1
110,941,-1,-1,-1,67.21666672925201,-1,-1,-1,-1,-1,-1
111,1048,-1,-1,-1,60.5069318817889,-1,-1,-1,-1,-1,-1
112,939,-1,-1,-1,60.57483598761067,-1,-1,-1,-1,-1,-1
113,859,-1,-1,-1,66.87321240613389,-1,-1,-1,-1,-1,-1
114,878,-1,-1,-1,69.09289553726985,-1,-1,-1,-1,-1,-1
115,963,-1,-1,-1,65.32121289535124,-1,-1,-1,-1,-1,-1
116,865,-1,-1,-1,65.83472889993337,-1,-1,-1,-1,-1,-1
117,991,-1,-1,-1,64.95453299347305,-1,-1,-1,-1,-1,-1
117,1051,-1,-1,-1,58.816695646162756,-1,-1,-1,-1,-1,-1
117,1020,-1,-1,-1,57.95600828342755,-1,-1,-1,-1,-1,-1
118,870,-1,-1,-1,63.89452332657201,-1,-1,-1,-1,-1,-1
119,892,-1,-1,-1,68.11504561620535,-1,-1,-1,-1,-1,-1
121,964,1345.648812291961,300.0700461969817,4.484448978984749,64.75261894572316,69.00600472935314,83.99811357613281,57.09029188763066,36.07201657352913,76.784855172386,15.0
122,1057,1304.1037441693115,304.241107114732,4.286415325452791,59.50254576288486,69.02115751025153,83.99811357613281,57.0903033883876,36.43015942165732,77.95169127965428,15.0
123,956,1269.716515020164,309.80878532890404,4.098387699600538,59.7629669507527,68.87360354005195,83.99811357613281,57.090292405682675,36.1631153836935,77.84816025574536,15.5
124,848,1238.6327523095106,316.31587215097045,3.91580967431928,66.75811162864136,68.77124398270026,83.99811357613281,57.090248474905216,36.08650940691893,78.2652767210813,15.5
125,867,1209.0982080221547,320.50718560984126,3.7724527321331576,69.97943461513351,68.76321347508531,83.99811357613282,57.09019293986821,36.1386676562881,78.68085759827483,15.0
126,943,1187.3998683036223,325.55149656705544,3.647348824455635,66.41543773644446,68.84495585577565,83.99811357613282,57.09033384987433,36.07083353129944,77.54765210104152,15.0
127,1111,1179.4473418065963,328.63049598237376,3.588977152838112,58.81606188190399,68.7774170875624,83.99811357613282,57.09018465106598,36.97535294378383,78.62257334173654,15.0
128,969,1177.757809661427,332.8544593743999,3.538356709641275,57.962452592008425,68.76163797526576,83.99811357613281,57.09015812691503,37.029702098366755,78.92060400392373,15.0
129,973,1186.9095147771895,336.1255584363171,3.5311492535669924,61.79222919762377,68.78519989038453,83.99811357613281,57.09098038705529,36.99064106033759,78.80176256668622,14.5
130,1041,1204.2079927527357,335.4484873625965,3.5898447544676824,59.65092067967693,68.71461194383116,83.99811357613282,57.089972458548445,37.02658689513066,79.76961747366097,14.5
131,881,1236.2618210097019,334.657511397979,3.694110482819922,62.87065719790519,68.71892758601044,83.99811357613282,57.09071513926083,37.4522015329269,79.7242533361497,15.0
131,890,1276.4229100914654,335.5359642961977,3.8041314372032278,67.76007856240993,68.71525781431183,83.99811357613281,57.088911519620595,37.50447442751444,79.79922891269483,15.0
132,788,1325.590289779866,333.44397295325007,3.975451342063148,71.77893115838705,68.74488231938433,83.99811357613277,57.080001189166694,37.89522032852475,79.990367008507,15.0
133,810,1388.1692199483264,328.92582292594307,4.220310851850843,75.10810302688475,68.81109507716339,83.99811357613272,57.06558083547577,38.03750908660137,79.86900852401932,14.5
134,901,1464.4480914325738,324.44337853239574,4.513724699998303,70.33337443992272,68.9658349271038,83.99811357613322,57.19392314566577,37.68627165757595,78.46819616476749,14.5
135,844,1536.598076557455,316.19168844818256,4.859704200634838,68.84136109956815,68.95918655136164,83.99811357613305,57.14625870587535,37.62475950719712,78.57360405025756,15.0
136,963,1616.4366419428425,312.60064527413806,5.170931878676364,66.69767167176035,68.93147272092737,83.99811357613247,57.000356252226574,37.81804034051852,78.8515064289338,14.5
137,1093,1703.096227103943,303.2885115851986,5.615432705321962,58.600040472790596,68.93541430715308,83.9981135761342,57.443752991862134,38.842298388950034,78.98353181151661,14.5
139,1042,1794.188888657051,295.6944202830969,6.067713036111064,56.2381794458893,68.79808544315082,83.99811357612586,55.37609598523304,37.96171881243894,81.84529802660774,14.5
139,870,1898.7965771205052,285.43886840130585,6.652200479056476,63.27354556886624,68.79591275983533,83.99811357611463,52.816901408450704,38.656851193900984,82.78333700965774,14.5
140,872,2014.0245544389882,277.083720523844,7.2686498890347995,68.8864283454603,68.97220501015015,83.99811357615462,57.94323137295744,38.1225186256803,77.64315470973864,14.5
141,875,2109.0428516638863,265.85900129494155,7.932937539790625,68.68938401048493,68.96959108511163,83.99811357612255,57.443752991862134,37.97012662615658,78.35541871587944,14.5
141,869,2211.29177752169,257.10875623882083,8.600608590193971,68.808153871445,69.021967700807,83.99811357608746,56.33802816901409,38.036510083979415,77.93114791987,14.0
142,800,2317.1430410503,248.8090317901734,9.312937815715637,72.02243958573072,69.1626925712675,83.99811357621067,57.94323137295744,37.980155881164784,75.42637770547621,14.0
143,850,2403.430892331149,240.5087162161885,9.99311347273898,72.79411764705883,69.21779102524235,83.99811357604639,57.636887608069166,38.11720852705388,75.30600501015412,13.5
144,947,2488.900528031768,231.93120520363698,10.731201633029494,66.9731039194981,69.365385916007,83.99811357712105,57.94323137295744,37.78991937220567,73.12723175473174,13.5
145,971,2542.32213236156,225.1146593470098,11.293454365593405,62.574969794581406,69.32223266269195,83.99811357666928,57.94323137295744,37.87045082269207,73.46415694986155,13.5
146,844,2604.9317233137363,219.6885693032872,11.857383984860602,66.44100721882458,69.30473728654012,83.99811357486222,57.94323137295744,38.123129438806586,73.82659636332852,13.5
147,900,2653.9536928263224,215.46068204297896,12.317577702167144,68.87835703001579,69.39423131180851,83.99811357957152,57.94323137295744,37.84250277963349,72.93859367446302,14.0
148,986,2678.7362980898242,213.6922514864142,12.535486333532917,63.75929682217715,69.37140966224976,83.998113579462,57.94323137295744,38.04546263809468,73.14625342161726,13.5
149,946,2704.1108682351814,209.9805998143957,12.877908104964822,62.1384370617825,69.3597454244955,83.99811358384275,57.94323137295744,38.01305155892759,73.3692915700644,13.5
150,862,2713.414740622027,211.15797568821165,12.850164583072905,66.5152577956765,69.38399036600698,83.99811361100336,57.94323137295744,38.16692592250949,73.56806801676964,14.0
150,905,2717.8089344743457,210.73675110827224,12.896701311856093,67.95195549345605,69.28161607869184,83.99811353390226,57.94323137295744,38.07635073275722,73.45978798016752,13.5
151,938,2696.427350923567,213.58519674453726,12.624598483520753,65.13211370142186,69.2762958416937,83.99811354441604,57.94323137295744,38.084216701045435,73.5310381923441,13.5
152,805,2678.405176054402,215.72586756091977,12.415781224280096,69.25002317604523,69.35538914275463,83.99811386333425,57.94323137295744,38.092651455891584,73.99824029293102,13.5
153,845,2640.36809788917,220.57684448817798,11.97028683593614,72.77003932522328,69.34875120809048,83.99811409463757,57.94323137295744,38.09976607827857,74.07260166517177,13.5
154,889,2601.8169057279993,226.6574387691553,11.479071323919273,69.2487403571595,69.27838281338595,83.99811394043536,57.94323137295744,38.1102279045258,73.51829922471065,13.5
155,961,2558.022024001898,234.04519402465814,10.929607141313033,64.96326356708013,69.16305168419066,83.9981123703765,57.94323137295744,38.248657024799975,72.94772723622152,13.5
156,843,2508.4559057225542,241.3721957334175,10.39248078305178,66.80467040190193,69.15657444413564,83.99811377221477,57.94323137295744,38.354589660802695,73.03204897428924,14.0
156,879,2439.759905153748,250.38073336529354,9.744199852607089,69.71688144486416,69.09230400846765,83.9981092863325,57.94323137295744,38.41172237826535,72.65179551556777,13.5
157,865,2367.742333331783,263.06970608603314,9.000437064986293,68.81177375761999,69.15709529696086,83.99813261292556,57.94323137295744,38.19822348332394,73.59230169252551,13.5
158,766,2301.0589815645462,273.7496227871924,8.405706492437233,73.8465717864743,69.11922446235653,83.99813844457586,57.94323137295744,38.50293339443056,73.12988538562253,13.5
159,763,2231.6545597194568,284.9653961444228,7.8313177316042815,78.48297054707096,69.0211512877205,83.99805590437018,57.94323137295744,38.25241035399132,72.07009319233663,13.5
160,793,2158.4086987470696,296.74801891111287,7.273540381725661,77.14950112303097,69.05058539912395,83.99806667047477,57.94323137295744,38.26110304722433,72.33998729807846,13.5
161,752,2073.600470610546,310.27729687198587,6.683055742444706,77.72463845885541,69.0480644623271,83.99782622812984,57.94323137295744,38.224378920123165,72.7157615891183,14.0
161,775,1991.1513983632794,327.1619321794724,6.086134120491092,78.60329444063143,69.10096505177118,83.99755348922577,57.94323137295744,38.347370712779686,73.22225045525772,13.5
162,855,1899.0800896420637,344.0976618527388,5.519014803578644,73.79739671760046,69.22655478844825,83.99885978110258,57.94323137295744,37.95963380479386,73.70988208564464,13.5
163,885,1830.0860630633651,357.08233342197235,5.125109510530477,68.98602438299139,69.28807402173223,84.00144377481487,57.94323137295744,37.77741515555469,74.68561791716373,13.5
163,797,1767.6638356000967,369.942639622385,4.778210582603889,71.53945941347851,69.25662160851884,84.00293682142403,57.94323137295744,37.84134847810704,74.4076710669189,14.0
164,726,1711.3543972614975,383.3614415203981,4.4640754439839485,78.96346837831953,69.20620021738804,84.00144377481487,57.94323137295744,38.05567127497893,73.60515443385282,14.0
165,706,1660.2125500982906,395.9102025317211,4.193406836908355,83.81523189661227,69.18280536536943,83.99547211908109,57.94323137295744,38.15846246662055,73.23622597374204,13.5
166,710,1615.8924185711421,407.0450955813875,3.969811787716403,84.74643897378606,69.21409518970954,83.99685011812058,57.94323137295744,38.17808525399542,73.74665815855973,13.5
166,776,1579.6050131658685,417.49350879076667,3.7835438872835554,80.91331494119355,69.2524950441413,84.03361344537815,57.94323137295744,38.23538343862301,74.37718914573914,13.5
167,889,1551.5341962611137,427.96456119909203,3.6253800826730824,72.40557559171083,69.15330608337307,83.97480755773267,57.94323137295744,38.648543917987205,72.94520437285227,13.5
168,904,1532.8274702406634,436.80232357047805,3.5092017316005455,66.93162248524244,69.06674696547215,83.91608391608392,57.94323137295744,38.81452205964398,72.00436474144978,13.5
169,912,1524.266667416121,444.14668255100366,3.4318992515295474,66.08057755006986,68.98102099835505,83.82815228780998,57.94323137295744,38.88841223348125,71.2750449353356,13.0
170,919,1525.770782800644,448.9531988237769,3.398507431950695,65.53891529694748,68.94627937866021,84.59640465280225,57.94323137295744,38.82872014522687,71.57739563323443,13.0
171,795,1535.8578793284773,455.24299785165954,3.3737100550175514,70.380027511446,68.88297068778706,85.71428571428571,57.94323137295744,39.125252407033685,70.896676107791,13.5
172,768,1552.7725142170152,460.09871076707304,3.3748682138844615,76.79834905660377,68.79557865452742,85.1063829787234,57.94323137295744,39.26163524853037,69.43623077451814,13.5
172,768,1578.2283662885613,460.45878801882327,3.4275127489238937,78.125,68.68456285729076,82.73988856574061,57.94323137295744,39.02910333777427,67.6170012476459,13.5
173,722,1617.6721685575153,462.8711415449796,3.494865035564801,80.61374653739612,68.67101920103909,82.73988856574061,57.94323137295744,39.00799927908816,67.57005920134208,13.5
174,697,1670.7967004646944,463.1189129740119,3.607705610067477,84.59285342405323,68.7273969036839,82.73988856574061,57.94323137295744,39.06584637388655,68.52182406960571,13.5
176,712,1731.2297738722887,457.95984512322394,3.7803091085561533,85.17643834733126,68.73331781157079,83.44565560556624,57.94323137295744,38.53935011119582,70.12643122413819,13.5
175,761,1809.9386664125782,457.4005884033445,3.9570099215013252,81.55664486409071,68.8250453074713,83.44565560556624,57.94323137295744,38.62520206977657,71.44175871739651,13.0
176,758,1903.9572713821256,451.21250246157854,4.219646532388031,78.99964981502606,68.97421279745132,83.44565560556624,57.94323137295744,38.569354794300935,71.50495334338537,13.0
177,744,2003.4435017023864,443.41270452618716,4.518236580170126,79.90041705677078,69.18836395023308,83.44565560556624,57.94323137295744,37.93438938670391,71.90818677578741,13.5
178,782,2096.5779171543904,430.95437634646305,4.864964906328877,78.68575200066002,69.25961308867933,83.44565560556624,57.94323137295744,37.94393044625559,72.56864126208589,13.5
179,854,2183.225463412168,421.8602689926552,5.175233658825973,73.49197697610762,69.28346739852016,83.44565560556624,57.94323137295744,38.13525594237838,72.76153938531395,13.5
180,931,2272.0816553473023,415.26384682040054,5.47141696235831,67.3522213026712,69.22366354111023,83.44565560556624,57.94323137295744,38.50835441633486,72.41550017734934,13.0
181,974,2364.746114980272,400.4801580802176,5.904777221214053,63.024237037298434,69.24936309933136,83.44565560556624,57.943231372957456,38.71194567559391,73.18263282218841,13.0
182,944,2440.931078135798,389.79394451570397,6.262106203749551,62.58048237218529,69.12235436955606,83.44565560556624,57.94323137295744,38.60108480516446,72.54271204856911,13.0
182,873,2512.6896541504693,378.7230300111727,6.634636541845218,66.14392218533403,69.03186237405419,83.44565560556624,57.943231372957435,38.52018335260869,72.18457823089085,13.5
183,852,2581.941454071024,370.8715330213557,6.961821612559166,69.57552877401868,68.96321854968106,83.44565560556624,57.943231372957435,38.34089826555486,72.36151849345651,13.5
184,858,2649.8977988627653,355.90960949708085,7.445423579900558,70.17630257066877,68.98707271258442,83.44565560556624,57.94323137295742,38.346955606590406,72.30937849605421,13.5
185,873,2705.7420255356433,346.0091544653488,7.819856759907232,69.32929613341985,68.97614865941709,83.44565560556624,57.94323137295736,38.50094809753639,72.73834505912248,13.0
186,821,2747.2256362057174,335.7179285442681,8.18313650426169,70.90506506607062,69.13214839302005,83.44565560556624,57.94323137295757,37.93106327338948,71.78985348517968,14.0
186,768,2765.025664133209,329.1712841056926,8.39996013517812,75.60330389768575,69.17365583134715,83.44565560556624,57.9432313729576,38.07346984202236,72.02324716507944,14.0
187,718,2773.695851603744,323.5876806825641,8.571697926673261,80.84522980501393,69.23599514145393,83.44565560556624,57.94323137295757,38.26372537415432,72.62526142370461,14.0
188,750,2763.790208205268,319.582083238672,8.648138782364715,81.78272980501393,69.30533482008418,83.44565560556624,57.94323137295752,38.27206152381553,73.28799376369795,13.5
190,899,2741.567098129817,318.395516744422,8.610570670599264,73.37041156840934,69.3611709069595,83.44565560556624,57.94323137295879,38.70600730654746,73.57692165093526,13.5
190,881,2707.6954478717253,317.4888962424344,8.528472900684156,67.42262496227994,69.31434148987437,83.44565560556624,57.94323137295681,38.77498273063621,73.3157836579614,13.0
191,859,2654.8419359060426,321.6179136489463,8.254645724752343,68.97654401086712,69.3305196857179,83.44565560556624,57.94323137295935,38.731562533354285,73.4302784536903,13.0
192,911,2596.2011852310256,324.9954948739796,7.9884220740897645,67.85517584202395,69.34768807725,83.44565560556624,57.9432313729736,38.81868826999336,73.85883015493657,13.0
193,910,2531.2949821839607,330.41039179017474,7.661063468583171,65.8978781920604,69.23463784798757,83.44565560556624,57.943231372956504,38.68444522105657,73.07433038649434,13.0
194,869,2454.919445113007,337.06733535489724,7.283172196226696,67.48947255276369,69.14706680769046,83.44565560556624,57.94323137290195,38.54011491776058,72.77156510556124,13.5
194,855,2360.735902360757,348.6785780887883,6.770521766208459,69.61015888397634,69.10406167149098,83.44565560556624,57.94323137277166,38.7092878627769,72.90865267135358,13.0
195,903,2252.603421865409,360.14156614070566,6.254772105326291,68.31031066037187,69.21476850351674,83.44565560556624,57.94323137317554,38.12569620392904,73.07027871786822,13.0
196,956,2152.2995234929663,371.60424579179767,5.791913165327116,64.60334450020156,69.20592367597591,83.44565560556624,57.94323137359897,38.2464374120546,73.58351773319312,13.0
197,903,2057.834527096955,382.79035780715014,5.375878689540274,64.60334450020156,69.07480509533512,83.44565560556624,57.943231372856346,38.11523547339161,72.70099260787887,13.5
198,954,1954.3227501293707,394.87338285157364,4.949239009264821,64.66913224262939,68.99006757633393,83.44565560556624,57.943231372022524,38.15029936072347,72.58814202112013,13.0
199,842,1848.380504412123,410.5446113867446,4.502264682438851,67.07599456221337,69.00692012011119,83.44565560556624,57.94323137509725,38.36468395642208,72.86760260178573,13.5
200,920,1751.0836313646214,424.5178952641688,4.1248758907441525,68.23814933388414,68.91694862554183,83.44565560556624,57.94323137134504,38.27553288086107,72.43191796609008,13.5
201,955,1651.3351287305327,436.78877784552003,3.780626271755003,64.02230821761894,68.8248488523529,83.44565560556624,57.943231358420775,38.207982221046926,72.47013605968357,13.5
202,899,1552.8362903494449,452.4856447406308,3.431791280891454,64.78402413385437,68.77495935229625,83.44565560556624,57.94323132965385,38.36361447584464,72.70874804155667,13.5
203,864,1453.3760813006365,465.5097822074026,3.1221171645606822,68.09263379063157,68.87761547914275,83.44565560556624,57.943231423042114,37.89533827573053,72.65617312505094,13.5
203,894,1376.1070720727498,478.993370957386,2.8729146487398385,68.27926920208799,68.88341867770514,83.44565560556624,57.9432315030892,37.859193501690754,72.91987029293392,13.5
204,882,1309.528363381599,488.4186051059161,2.681159869201996,67.57065242204264,68.832185378611,83.44565560556624,57.94323151643038,37.86811865850487,72.64068635792727,14.0
205,853,1253.2430866376499,496.40124175894266,2.5246574367882766,69.18359371884745,68.74171261337506,83.44565560556624,57.94323104281847,37.80039305668222,72.05132246100838,14.0
206,884,1208.180851138471,508.1850593744447,2.377442683233728,69.10663986038098,68.72154593499131,83.44565560556624,57.94323073597131,37.86552503317404,71.97623473251855,13.5
207,965,1166.8385357099955,512.6318926702464,2.2761723419743833,65.02473448526482,68.78565523086934,83.44565560556624,57.943233911172435,37.707401412577674,73.01095653699142,13.5
208,996,1145.603542332306,517.466550075463,2.2138697509341245,61.20856482926525,68.6662639147494,83.44565560556624,57.94323327079571,37.82572785732242,72.62303311762216,13.5
209,800,1135.8090070226026,522.2095279939045,2.1750062879661978,67.62048192771084,68.59074663329794,83.44565560556624,57.94323102947729,38.39594430396935,71.98163822400178,14.0
210,825,1137.8231906802675,527.684799615546,2.156255384860903,73.86363636363637,68.55435438193305,83.44565560556624,57.94322932180622,38.45495184888199,71.66651622216523,13.5
211,910,1147.507856994463,528.7734576810602,2.1701313489275105,69.33066933066934,68.52186694263536,83.44565560556624,57.94323615249108,38.5776333433728,71.49528688058945,13.5
212,1045,1164.3901929797407,527.3226503003718,2.208117159990159,61.67516693832483,68.39197588334584,83.44565560556624,57.94318492239392,38.940137510677296,71.37865673864871,13.5
213,924,1197.8736957284739,524.9920577444994,2.281698700119096,61.17566643882433,68.30687037402701,83.44565560556624,57.943060262869245,38.76121294155823,71.80844081584848,14.0
213,901,1240.0059409301218,521.2988074275373,2.378685550901606,65.76386987041815,68.31622006909032,83.44565560556624,57.943104662090505,38.826086318789585,71.71126238202272,14.0
214,902,1300.5441588347683,519.3213402972716,2.504314877740835,66.55576090621162,68.27352766941604,83.44565560556624,57.94244892666423,38.71615667936975,72.59288080688682,14.0
215,908,1370.2364718087483,512.2797884574293,2.674781443036798,66.29907108041846,68.31009862654872,83.44565560556624,57.94212106451672,38.81943474208903,72.04464117691688,13.5
215,893,1446.78069850683,502.1830617845567,2.8809826706730273,66.6342724371149,68.41834785382356,83.44565560556624,57.94449814915238,38.18252063804955,70.62207502817051,13.5
216,813,1529.081762164466,494.32310467119476,3.093284023577158,70.49499386371244,68.55709723829916,83.44565560556624,57.95220452298846,37.67734071659653,71.23504109823801,13.5
217,833,1592.8137327311563,484.2074950827554,3.2895272148956103,72.91477476599496,68.53415858963956,83.44565560556624,57.952423173423384,37.69012606525864,71.03621788858584,13.5
218,872,1659.9350641243357,473.7297415185924,3.503970552499475,70.41807548707557,68.52537581545471,83.44565560556624,57.960076978227235,37.70015037337808,71.10864624891964,13.5
219,895,1726.852050984568,465.0983022589111,3.7128754127837333,67.92322279739633,68.48936697304126,83.44565560556624,57.97976747697418,37.87969162172504,70.93234992297283,13.5
220,891,1786.5918280803694,456.7351341983924,3.9116584083595507,67.18958674265937,68.35055253562226,83.44565560556624,57.93777724131688,37.504047074671384,69.38017301532211,13.5
221,887,1850.8333738600468,447.77126325958477,4.133434915824578,67.49190514692205,68.1848114086139,83.44565560556624,57.60921747479597,36.21774213894107,69.75337961377352,13.5
222,799,1923.6409107706113,436.99712202842267,4.401953271091557,71.36880514397225,68.26588860747142,83.44565560556624,57.733942747173444,36.490234557829,69.22702464177081,14.0
223,833,1995.976012787748,428.5026020664185,4.658025419594463,73.56133942938878,68.27053168881746,83.44565560556624,56.76442762535478,36.11222920906246,70.69141116983454,14.0
224,903,2058.6322343065735,416.0373636070129,4.9481907501249065,69.23699712443117,68.32860480681329,83.44565560556624,55.45286506469501,36.30057527397327,70.38263247874922,13.5
225,948,2117.8630664171196,403.8534315450951,5.244137850493007,64.86816098237941,68.41958784160852,83.44565560556624,57.25190839694657,36.26775130682089,67.86964628496513,13.5
226,966,2169.643488857784,394.72083145685707,5.496653117723597,62.70147024137118,68.5181815362568,83.44565560556624,58.73618682426626,35.81972622520514,65.81351771509553,13.5
227,1035,2198.05367709636,385.38179928833404,5.703574172821341,60.041407867494826,68.53593423511293,83.44565560556624,58.736186824380056,35.978462647046506,66.04873680067385,13.5
228,1054,2225.382701283659,379.2750653113962,5.867463761311472,57.44850534884361,68.4530792450716,83.44565560556624,58.73618682429304,36.06088001584279,67.1707158355501,13.5
229,969,2239.08480933438,371.6577424086368,6.02458809232208,59.42275042444822,68.39682583774113,83.44565560556624,58.73618682413239,36.12635323450251,67.91566141836987,13.5
230,957,2241.271033622279,364.5480894941695,6.148080591321067,62.30771470442656,68.41657766541367,83.44565560556624,58.73618682519,36.24854049059386,68.12851480196314,13.5
231,852,2245.1024573731092,360.2956162924605,6.231278860608469,66.55922998807894,68.33466869039074,83.44565560556624,58.7361868227267,36.22909637844731,68.6656395877094,13.5
232,870,2231.0766350875983,354.61295860473433,6.291582360289447,69.69402622632346,68.31181300840159,83.44565560556624,57.25190839694657,36.379980116161775,69.63951465413265,13.0
232,917,2213.285190106758,350.777082916685,6.309663025028484,67.19813484751626,68.4315325886566,83.44565560556624,58.73618682867076,35.80005344709616,67.56189728163675,13.0
233,871,2181.9804850380633,346.7381416319927,6.292877024627675,67.15854499835359,68.50226477874844,83.44565560556624,58.7361868458068,35.757061117567176,67.31152238203637,13.5
234,918,2154.2619715763103,344.9303205589886,6.245498998421326,67.12290733361849,68.4673894108368,83.44565560556624,58.73618683766718,35.723283223785394,67.34344408547376,13.5
235,950,2112.718848895621,342.02584700335876,6.177073655123127,64.25868593051256,68.39942120119649,83.44565560556624,58.736186764839026,35.62425877761091,67.9649617106472,13.0
236,899,2065.5587761229035,340.0266660724588,6.074696434787083,64.9493589368304,68.47432228748777,83.44565560556624,58.73618693277218,35.762158443200356,67.19841221015164,13.5
237,844,2023.1805289822928,339.7731830504139,5.95450326838214,68.91543526509182,68.40888081348733,83.44565560556624,58.736186500944086,35.27473687609726,68.44462663130665,13.5
238,861,1966.723422420348,338.9240964800417,5.8028432998601,70.38822927159535,68.44443022115874,83.44565560556624,57.08848715509039,35.344330810171655,68.64653565770897,13.0
239,886,1903.3042779623665,338.9413726888365,5.615438041285346,68.70325072163976,68.53998555918764,83.44565560556624,58.736186514652914,35.19210983302702,66.74591983209939,13.0
240,888,1840.5121690009964,339.15742436897426,5.4267193838536665,67.64382893051064,68.68406073008845,83.44565560556624,58.736190627301696,34.74814624386731,65.04093722673323,13.0
240,885,1785.7309408961644,339.852802942826,5.25442463747042,67.68208886852955,68.66472752939872,83.44565560556624,58.73618942092466,34.665895568674514,65.13195099391433,13.0
241,876,1731.8998677229974,340.93404879342734,5.079867715918158,68.14488042721152,68.63734667913005,83.44565560556624,58.736181524639825,34.420039464093236,65.77727245176075,13.5
242,850,1675.794516371931,343.35369943274475,4.880665387151832,69.54069298952459,68.64794811406091,83.44565560556624,56.76442762535478,34.58077324792146,66.59574936415983,13.0
243,797,1616.3122211587665,344.9227825942356,4.686011776323233,72.93527197579158,68.80870717758182,83.44565560556624,58.73620543284208,34.10058821239132,64.1136266859404,13.0
244,709,1568.6712214164017,347.98114318943817,4.5079201908433,79.9542713950233,68.9778196416052,83.44565560556624,58.736300188477294,34.3932716684754,64.1714165532406,13.0
244,702,1528.0557743843292,349.88397000584126,4.367321470482968,85.04815980133328,69.04565465646775,83.44565560556624,58.73626684849671,34.41990049588558,65.2773844133243,13.0
245,714,1493.3741051281304,353.3080658033193,4.226832754957445,84.75184945773181,69.10796852842525,83.44565560556624,58.422590068159685,33.968420495990195,67.2347649024794,13.0
246,752,1460.8013934120693,355.2806785023753,4.111682626732832,81.91042374396568,69.16699302285122,83.44565560556624,54.005400540054005,33.84639335779604,70.8089372923883,12.5
247,736,1430.3888058841517,359.81940119919125,3.9752964990687296,80.65448658649399,69.4285256231271,83.44565560556624,58.73681433086493,33.08777753172589,66.91944777748519,13.0
248,969,1410.9757921536784,362.8975800634147,3.8880826703421856,71.72062188719882,69.48759680060586,83.44565560556624,58.73670202595734,34.539033621133484,66.42988884291813,13.0
248,862,1398.1231520804217,365.1623491772273,3.8287713813612774,65.76253654471924,69.51609008360646,83.44565560556624,57.636887608069166,34.789311036668074,66.6122604884147,12.5
249,896,1393.5483762666972,368.6366557664549,3.7802762000682923,68.28492707988067,69.68070401063441,83.44565560556624,58.750855827082766,33.78399667066219,64.3545448284874,13.0
250,904,1394.1870048699466,369.7112993181755,3.7710154042928012,66.66798356510745,69.67026838322349,83.44565560556624,58.7488334378777,33.82246222870504,64.37585049441736,12.5
251,871,1400.6614736251245,373.4892174340313,3.7502059182539074,67.62900947949157,69.74031494491116,83.44565560556626,58.79470847623714,33.72225629501503,64.77903068045649,13.0
252,763,1409.121411157996,374.7571409978137,3.76009222240869,73.76164845697915,69.70390277468967,83.44565560556626,58.774910460097345,33.99914494356486,64.48293509522148,13.0
252,760,1422.183171253822,375.19026442316937,3.790565230791199,78.79216389597848,69.66679000042268,83.44565560556623,58.611636852066674,33.74642522667128,64.88870842949667,12.5
253,762,1441.166955095484,378.3380541942148,3.8092043322601645,78.8437629506838,69.77489116686996,83.44565560556626,58.815219862894246,33.95886176411178,65.02283307856267,12.5
254,840,1460.5512139101838,377.50936034729546,3.8689139060460054,75.0843644544432,69.74159752196715,83.44565560556616,57.971014492753625,33.29170444640096,66.47792405814408,12.5
255,932,1486.6329959547534,378.6064478606699,3.9265918590531923,67.90312691600246,69.73545010992213,83.44565560556595,54.89478499542543,33.74265291884772,68.21892587630944,12.0
256,917,1520.1267966425196,377.3342008194326,4.028595323035541,64.90421742854335,69.84704266931115,83.44565560556612,57.58157389635317,33.38949688623632,64.68926824356264,12.0
257,796,1554.0161220502803,377.7106045808228,4.114303657888829,70.40381843788188,70.03734330487069,83.44565560556724,58.815219862894246,32.55645989654326,62.14959992634246,13.0
258,757,1583.3532012973183,376.8337475954927,4.201728776683102,77.31856110141194,70.07931784944205,83.44565560556723,58.815219862894246,32.77195099486133,62.359468069257886,13.0
259,766,1613.0792827904397,374.53743270495886,4.306857317680019,78.79460975197547,70.13394655705389,83.44565560556714,58.815219862894246,32.8073905103312,62.70159070111965,12.5
260,893,1642.9381897793414,372.88969993706206,4.405962916263559,72.7591157216412,70.15926154254454,83.44565560556745,58.815219862894246,33.13330334175057,62.714641369524145,12.5
260,979,1671.8705618944014,369.1256545415803,4.529272190443412,64.2381386496036,70.17992718866044,83.44565560557474,58.815219862894246,33.73605827533753,62.984975381717305,12.5
261,1000,1697.7212047051894,367.6572661994893,4.617673471422738,60.643513789581206,70.06323267928573,83.44565560556418,58.815219862894246,33.714319528851746,63.34258143574561,12.5
262,989,1723.125152685564,362.598083396051,4.752162881135434,60.33367037411527,69.94976255201257,83.44565560552323,58.815219862894246,33.47420791279527,64.71019724110892,12.5
263,855,1748.6572341777978,358.87189185821677,4.872650307393419,65.42138967236089,69.95479720893736,83.44565560550296,58.815219862894246,33.89711270578292,64.65811115945677,12.5
264,877,1772.2913564674213,353.36866594692975,5.0154174018745366,69.29524495388986,70.06231555343508,83.44565560571745,58.815219862894246,33.72092755190446,63.60943035937166,12.5
265,866,1790.050072885514,346.249253347798,5.1698308532883885,68.84955798820775,70.01125527144934,83.4456556055283,58.815219862894246,33.53065293620992,63.904405308657324,12.5
265,840,1804.4225544318924,341.0003770321784,5.2915558925074695,70.35631804684922,69.99176481637609,83.44565560494735,58.815219862894246,33.53611356234973,64.65430225831007,12.0
266,800,1815.7513166423664,332.70201487764695,5.45759038252329,73.21428571428572,70.09469964970341,83.44565560548777,58.815219862894246,33.48002779125867,63.514206258549194,12.0
266,802,1822.0758835167549,323.7070209409926,5.628780859371273,74.9064837905237,70.21429706826049,83.4456556077575,58.815219862894246,33.35011821459404,62.93318436336601,12.0
268,826,1823.4532408294983,317.46049106312273,5.743874567581795,73.72609638132272,70.21593334975393,83.44565560543373,58.815219862894246,33.3121738004387,63.180930499049566,12.0
268,875,1817.9403838959115,308.5252684485663,5.892354921324627,70.60532687651332,70.23039479623256,83.44565560186699,58.815219862894246,33.472544185001134,63.21906648653218,11.5
270,901,1809.624955893354,300.2731550979668,6.02659586836175,67.58205168859996,70.34447428094562,83.445655630617,58.815219862894246,33.22224485962847,63.01176594343302,12.0
270,795,1794.2732489940518,292.45643944400416,6.1351811996521155,71.03218645948945,70.30138494310232,83.44565561332377,58.815219862894246,33.262302993552865,62.868610410412046,12.5
271,799,1777.0217276458286,285.4228937972369,6.22592569224043,75.28278272368763,70.29469884624962,83.44565557527864,58.815219862894246,33.20344318084037,63.10139313337624,12.0
272,748,1751.4477826198236,276.4525538310899,6.33543716036692,77.6538855387416,70.32332480604366,83.44565545076733,58.815219862894246,33.447223813332776,63.81048972242665,11.5
272,723,1721.0423424143373,268.4236525828619,6.411664269723976,81.60072780526772,70.5173858889719,83.44565585888775,58.815219862894246,33.05778624228852,63.70850332014985,12.0
273,764,1687.7560528257477,261.47320897718475,6.4547953475914825,80.76079164041624,70.55332827380806,83.44565560986511,58.815219862894246,33.09483450085986,64.22596002496151,11.5
274,724,1654.6320280068,254.71748029705913,6.495950046605042,80.70347979520407,70.65406422386178,83.44565580354939,58.815219862894246,33.07145535133139,64.95221185538182,12.0
275,755,1613.0976870324153,248.25772336158127,6.497673728695958,81.17156342614614,70.80247145563877,83.44565854279843,58.815219862894246,32.74621290967372,66.31152861755066,12.0
276,814,1578.4126653248281,243.5045191579879,6.48206723547804,76.5901361927852,70.79373284135026,83.44565870881353,58.815219862894246,32.869292291524424,66.2071839920697,12.0
277,851,1542.5246757247621,239.2120481968794,6.448356959241507,72.10768080333298,70.73543167091901,83.44565538851167,58.815219862894246,32.98634929105708,65.6031183400494,11.5
277,849,1505.5650038049325,234.95601759665416,6.407858880165034,70.58833299423253,70.73901111051991,83.44566446400404,58.815219862894246,33.03825803090067,65.77127554078149,11.5
278,840,1468.9121135815722,231.7485925005658,6.338386342424004,71.04997476022211,70.66477956555138,83.44565428174444,58.815219862894246,32.965261286225726,65.05442637662335,11.5
279,785,1431.7137177104662,229.05457593560487,6.250535322695192,73.93084622383986,70.58960013044224,83.44558344870298,58.815219862894246,32.890717730588264,64.6002272165447,12.0
280,773,1387.4960335717055,226.5509351661018,6.1244330444031325,77.02639233361623,70.61149541012273,83.4455303240008,58.815219862894246,33.029898685543834,64.77379071938712,11.5
281,789,1349.943120962351,225.94985867858128,5.974525183849198,76.83264551227502,70.731979409022,83.44584198988589,58.815219862894246,32.53175807785821,65.57718621046759,11.5
281,810,1314.7056215133155,225.80940065056745,5.822191714452928,75.05985072524996,70.78609015351269,84.15147265077138,58.815219862894246,32.38768231857381,66.4298581424316,11.5
282,809,1284.8667430966682,226.4451999899686,5.6740736529349585,74.1198553312274,70.74400320415194,84.98583569405099,58.815219862894246,32.42409973109992,65.93746836284423,11.5
283,792,1257.0213863014692,228.08236779621734,5.511260683791956,74.96160617297824,70.6696631430496,84.50704225352112,58.815219862894246,32.40947448367803,64.84523747914291,12.0
284,747,1229.7736578625613,230.5726139532435,5.333563413181151,78.039430449069,70.57503910811246,83.4427750155165,58.815219862894246,32.034449095163126,63.65457465759761,12.0
285,751,1205.7293315751965,233.64541315884526,5.160509317405149,80.10738025337034,70.52053764681907,83.4299712394728,58.815219862894246,31.547091039618188,63.99858571695192,12.0
285,779,1177.8871649559865,236.98661133244985,4.970268819547875,78.45764910799295,70.58761298835043,83.42657266693462,58.815219862894246,31.561038105197426,64.40866166831552,12.0
286,827,1159.6812467244663,243.81058732556482,4.756484365364833,74.78660670906334,70.6465807506277,83.42294782807052,58.815219862894246,31.67091391499321,64.47840644054855,12.0
287,828,1139.5045690232528,251.4673743612261,4.531421111457526,72.50757934213063,70.70032802883672,83.4166051179563,58.815219862894246,31.732271402398915,64.39304987896894,11.5
288,785,1127.7899599290076,258.8927220400042,4.356205732792833,74.44844456752516,70.85535544485202,83.64190808102809,58.815219862894246,30.971649759025397,65.00580134222359,12.0
288,796,1120.687779230506,267.3844157528449,4.191298045830789,75.90500272060942,70.87369940743604,83.7404047452896,58.815219862894246,30.91793011436908,65.2535024785092,12.0
289,805,1118.977793808511,276.460058075697,4.047520649446314,74.95552295639689,70.85017672589845,83.7404047452896,58.815219862894246,30.91955119536896,65.00315037657045,12.0
290,827,1121.681623731301,286.3736391135498,3.9168466315663357,73.54277602950123,70.85582724488147,84.56659619450318,58.815219862894246,30.849276698354128,65.32466710273175,12.0
291,767,1126.5934356745506,294.60472609753333,3.824084734138226,75.38912422809703,70.82489050930343,86.0832137733142,58.815219862894246,30.932540165547127,64.971651689973,12.5
292,799,1136.2230609909393,303.4473548354851,3.7443828159482426,76.66036261102127,70.73578885035269,84.26966292134831,58.815219862894246,30.892859781168266,63.57472572677337,12.5
294,880,1149.9420255772943,313.7694770612108,3.6649263540473735,71.63784275799296,70.6070814905002,82.75869219620091,58.815219862894246,30.98650259600484,61.87397582164611,12.0
294,908,1165.5548330010179,324.33710003944105,3.5936525080210697,67.1305566680016,70.53617113929077,82.75869219620091,58.815219862894246,31.136476067599144,61.40418803916229,12.0
295,875,1184.5993131926161,335.2001059411493,3.534006380656082,67.3253618628068,70.47029612326301,82.75869219620091,58.815219862894246,31.180445623342745,60.98825115501359,12.0
295,899,1206.9297100336607,345.98085774041806,3.488429151589635,67.65612585412363,70.351130741343,82.75869219620091,58.815219862894246,30.975428407240397,60.0817161790137,12.0
296,906,1231.9558774515972,356.5300250538165,3.455405690630514,66.48299434986629,70.23857739330997,82.75869219620091,58.815219862894246,30.55224346341606,59.919752586301904,12.0
297,824,1265.99764940793,371.22085292268,3.41036242829715,69.52034977174822,70.19538508694775,82.75869219620091,58.815219862894246,30.44949800599103,60.49578717567419,12.5
298,790,1301.4151096357564,381.0382701252245,3.415444619796481,74.38245053459507,70.23424517516295,82.75869219620091,58.815219862894246,30.6451175547577,60.68665784625869,12.0
299,798,1343.6078733995653,392.85560663166626,3.4201061426095563,75.56866850670981,70.33905554239158,82.75869219620091,58.81521986289424,30.532104680923098,59.769307306488955,12.0
300,877,1387.4623354007224,404.65290631622906,3.428771457572197,71.80151061805026,70.4336959514823,82.75869219620091,58.81521986289424,30.391040107106278,59.132868280256055,12.0
300,896,1425.95754621557,414.03834602022323,3.4440229025210156,67.6896685127871,70.44789089055966,82.75869219620091,58.815219862894246,30.44859569590851,59.133503880641335,12.0
301,816,1465.2449385290222,421.013139740963,3.480283155605415,70.24684873949579,70.44966927061395,82.75869219620091,58.81521986289424,30.540608227435083,59.13754265163268,12.5
302,834,1499.0808740087523,425.6735522303053,3.5216678747231485,72.73592890393567,70.45223831057149,82.75869219620091,58.81521986289424,30.58083196821011,59.13453526575685,12.0
303,843,1538.1932461611896,431.44064805177743,3.565248784756577,71.55841163368237,70.50576130395187,82.75869219620091,58.815219862894246,30.364472413705588,59.405766134259444,12.0
304,903,1566.6919605140101,432.77082552179746,3.620142274204896,68.80977997422589,70.51317269195765,82.75869219620091,58.81521986289427,30.370394914212127,59.85747241086275,12.0
304,862,1593.9724970982852,433.07367087756063,3.680603565366448,68.02537558486407,70.48657544750542,83.56545961002786,58.81521986289431,30.477219828046035,59.980148131428486,12.5
305,751,1618.62069320329,433.2741349135871,3.7357888753874278,74.74952190582704,70.39597736506285,82.75869219620091,58.81521986289425,30.659495389262723,58.691651431804125,12.5
306,733,1641.4324965329517,431.4303309772752,3.8046293426212796,80.87443208963765,70.29411377025221,82.75869219620091,58.81521986289377,30.051551321479792,58.64658866091798,12.5
307,725,1669.1171056654616,429.8429143839185,3.883086238743191,82.30700475137601,70.40177027410623,82.75869219620091,58.81521986289389,30.102393174164103,59.21258270767707,12.5
307,735,1684.664727941532,421.60914474328484,3.9957974084440546,82.19563687543983,70.50706045503566,82.75869219620091,58.815219862894175,30.126564772210635,59.91606625367694,12.5
308,719,1704.1022968347345,417.2014025832873,4.084603470369539,82.54094405495161,70.56816577791243,82.75869219620091,58.81521986289281,30.068583360115397,61.1139387799964,12.0
309,710,1712.9822769632717,405.9484633817011,4.219703808442812,83.97813865109993,70.69520571558324,83.3189738047746,58.81521986289287,30.079677684996746,61.97718671547824,12.0
309,709,1723.3864565724311,396.79323844403376,4.343285846629941,84.56663819305112,70.84883572610245,83.96751620944481,58.815219862897166,30.044511251293436,62.7538554190384,12.0
310,724,1727.2609432039358,385.02625996835826,4.486086074611855,83.74958115468834,70.96088563982325,83.96751620944481,58.8152198629001,30.075024735863302,63.69119061851139,12.0
311,732,1729.867088317348,373.7963952705178,4.627832451582196,82.42007064577484,71.02603425165707,83.96751620944481,58.815219862879964,29.927805676789824,64.86833766294455,12.0
311,716,1726.3491997348972,359.6746604382862,4.799752080480822,82.88304789815918,71.12116797392237,83.96751620944481,58.8152198628355,29.914844229474692,66.11542086289357,12.0
312,692,1719.250367871717,344.3709987487605,4.9924365702061175,85.25204249685149,71.30930106109122,84.93649459964558,58.81521986292443,29.857487362747957,66.1666181614053,12.0
313,666,1713.5265204524048,331.3745462073515,5.1709660264014286,88.39764620111441,71.43524450885981,87.43741945239778,58.81521986275328,29.952288815810718,67.79954953568114,11.5
314,651,1703.7688333406963,317.56986732573824,5.365020452627213,91.1279943538008,71.6918197783203,89.73941487528325,58.815219863505,29.8380747924977,68.28456322160211,11.5
314,641,1688.261852603531,304.3408797057288,5.5472726971017945,92.88482138363875,71.79821816647234,91.63085522038023,58.815219862457965,29.608358147347527,70.66330274997478,11.5
315,667,1676.0366551795425,292.2500076544167,5.7349413559689015,91.7793833192608,71.96573748389922,91.63085522038023,58.815219861518315,29.659545874909792,72.3054452082019,10.5
315,723,1656.5565601803528,279.9138818820573,5.918093625947243,86.47128717798776,72.16884894128721,91.63085522038023,58.8152198645252,29.5969432961019,72.36779285862649,11.0
316,670,1634.9971289251866,269.6699947104031,6.062955319448868,86.26989533659503,72.34344365052694,91.63085522038023,58.8152198682838,29.596336597984223,73.24914059591725,11.5
317,737,1616.4030298067933,262.2142004685871,6.16443742146008,85.48168249660787,72.4368089182574,91.63085522038023,58.815219861840475,29.67018618890772,74.1494091141557,11.0
317,781,1591.543990989363,255.4279297900637,6.230892574267244,79.11785502704149,72.54076033362166,91.63085522038023,58.815219866995136,29.823854962834158,74.31025874635567,11.0
319,827,1569.9529849299088,251.71128855815851,6.237117905688077,74.6879872175783,72.61738138298584,91.63085522038023,58.815219891909294,30.065323277156462,74.17854886127071,11.0
320,856,1543.7379495082748,249.18637629802,6.195113763611245,71.32242425612222,72.62048401610255,91.63085522038023,58.81521983864453,30.102304975777134,74.36456822215622,11.0
321,858,1519.2855150014082,249.13562567805042,6.098226662150397,70.01176393699758,72.60619354440016,91.63085522038023,58.815219560293194,30.028758413883963,75.0558727410735,11.0
321,845,1489.0586195601481,251.14030080927859,5.929190236540219,70.46799354491662,72.65644412967389,91.63085522038023,58.81521934723414,30.18346086350539,74.53158827459411,10.5
322,799,1457.7839418546391,255.98034754042953,5.694905706089006,73.04989224696551,72.86544015378375,91.63085522038023,58.81522204140031,29.34733688600453,72.61561768243727,11.0
323,728,1434.552964891448,262.0006913403309,5.475378547868058,78.75572487587507,72.86864576492326,91.63085522038023,58.815221354113,29.46467093437397,72.8025875270439,11.0
324,752,1408.011689909461,269.2787271904618,5.22882629682652,81.10240823006781,72.86735115592617,91.63085522038023,58.81521668055971,28.938906260439452,73.772743312884,11.0
325,778,1380.6334265187686,279.2914348751059,4.943343239781639,78.45402833233058,72.8920594684134,91.63085522038023,57.41626794258373,28.94167759796416,75.58211195895112,10.5
326,834,1349.6945381053647,291.8747113836253,4.624225688163147,74.53163433263671,73.07820740826584,91.63085522038023,58.81522844691882,28.31126579194037,72.02762392286002,11.0
327,880,1321.9247122233094,304.5478924622933,4.340613561747039,70.06213211249182,73.13684312180654,91.63085522038023,58.815238563792114,28.475705563204684,71.38232347797027,11.0
327,922,1298.045595532533,317.15910394495813,4.092726897594604,66.62887004535594,73.14693593737749,91.63085522038023,58.81523768406386,28.685057473246605,71.26078775677713,11.0
328,903,1275.9640500702676,330.978756403899,3.8551237062271966,65.7605523165731,73.14890067336684,91.63085522038023,58.815227127326914,28.709379229608782,71.23089857572873,10.5
329,894,1253.6674338052683,343.3307804520814,3.6514856959649804,66.77963834199201,73.16538078048761,91.63085522038023,58.81527991104955,28.662744867250147,71.041341817669,10.5
330,927,1236.5357342089535,356.232223616605,3.4711507051640993,65.91950652679134,73.2055246411519,91.63085522038023,58.81584294331939,28.57376306085836,71.05319508366239,10.5
331,910,1221.671957485467,366.53179430664306,3.3330586226399985,65.32949251395853,73.13630333061896,91.63085522038023,58.81556142583701,28.517357583156855,71.44269125123341,11.0
332,900,1209.2661015255712,377.39471042604004,3.2042476169325043,66.3003663003663,73.07236389125997,91.63085522038023,58.81446353340526,28.431686625446087,71.9221248812018,11.0
333,907,1198.8817344557633,386.1851693210222,3.1044219967421247,66.40940830576994,73.04087859835683,91.63085522038023,58.81316863603991,28.426197232836877,72.26783344206973,10.5
334,880,1191.2806552334891,394.46875176502436,3.0199620373050657,67.1669840633457,73.04419997927033,91.63085522038023,58.813619028656326,28.442668840301245,72.23228374322342,11.0
334,836,1184.9906891423993,398.7601772605594,2.971687637625104,69.97607655502392,73.06144777997743,91.63085522038023,58.81451983458416,28.538334815568643,72.07997629114219,11.0
335,801,1182.201303703969,404.28735782800396,2.924160948428452,73.33835098471408,73.14765988725958,91.63085522038023,58.85418263188548,28.65816994188315,71.76428368968976,11.0
336,821,1178.4918489468955,404.4520859800753,2.9137984196351803,73.993987418285,73.10923540645516,91.63085522038023,58.8235294117647,28.463758787639676,71.84589688469394,11.0
337,886,1176.8758459372402,403.3917708312042,2.9174512992970643,70.40084904441261,73.05830918009032,91.63085522038023,58.69764597982268,28.165645519809555,72.49712097185339,11.0
338,884,1176.3148708347653,402.2263061786953,2.9245100401567696,67.79669673043728,73.05493665590124,91.63085522038023,58.53658536585366,28.018535726339085,72.87788214789633,11.0
339,839,1177.503350088808,398.582162994183,2.9542299164701777,69.69350498061148,73.09688410574202,91.63085522038023,58.40837186663422,27.996884871616725,72.46090876166288,11.5
339,845,1178.3313669338797,390.85460020239486,3.014756296391826,71.25981197678273,73.12898122603409,91.63085522038023,57.443752991862134,27.904992940429583,72.79265982687889,11.5
340,814,1180.289786382602,381.5489326452271,3.0934165591810534,72.35799543491851,73.22343529552843,91.63085522038023,56.92599620493359,28.024347975245686,70.94171180157814,11.0
341,770,1181.4407581053897,368.11595320508934,3.2094255840283314,75.81607581607582,73.3936611563397,91.63085522038023,61.750452753080715,27.627529036405196,66.91493617857729,11.0
341,731,1185.4778794745223,356.5079369748398,3.325249613049109,80.0007106436655,73.51864163823471,91.63085522038023,61.7504527530821,27.736503116123778,65.76409424438108,11.0
342,695,1189.6690551210036,342.89309174620246,3.4695042966965204,84.20513930852582,73.71833670312185,91.63085522038023,61.75045275310638,27.582317742800328,64.45162592786559,11.0
